Tops,price,Stock,Size
Lune Flare Pants in Moss,IDR 529.000,N/A,XS
Lune Flare Pants in Moss,IDR 529.000,N/A,XS
Stream Moss Long-sleeved Top,IDR 529.000,N/A,XS
Stream Moss Long-sleeved Top,IDR 529.000,N/A,XS
Ultrasoft Moss Flare Pants,IDR 599.000,N/A,XS
Ultrasoft Moss Flare Pants,IDR 599.000,N/A,XS
Rhythm Bra Top in Moss,IDR 399.000,N/A,L
Rhythm Bra Top in Moss,IDR 399.000,N/A,L
Lunette Long Sleeve Outer in Moss,IDR 399.000,N/A,XS
Lunette Long Sleeve Outer in Moss,IDR 399.000,N/A,XS
Solene Baby Tee in Moss,IDR 380.000,N/A,XS
Solene Baby Tee in Moss,IDR 380.000,N/A,XS
Raglan Jacket in Moss,IDR 649.000,N/A,XS
Raglan Jacket in Moss,IDR 649.000,N/A,XS
Luxe+ Contoured Jacket in Moss,IDR 699.000,N/A,XS
Luxe+ Contoured Jacket in Moss,IDR 699.000,N/A,XS
Routine Bra Top in Moss,IDR 489.000,N/A,XS
Routine Bra Top in Moss,IDR 489.000,N/A,XS
Elevated+ Jacket in Steel Blue,IDR 749.000,N/A,S
Elevated+ Jacket in Steel Blue,IDR 749.000,N/A,S
Fluid Legging in Marine,IDR 459.000,N/A,XS
Fluid Legging in Marine,IDR 459.000,N/A,XS
Solid Bra Top in Marine,IDR 499.000,N/A,XS
Solid Bra Top in Marine,IDR 499.000,N/A,XS
Rhythm Bra Top in Marine,IDR 399.000,N/A,S
Rhythm Bra Top in Marine,IDR 399.000,N/A,S
Lunette Long Sleeve Outer in Marine,IDR 399.000,N/A,S
Lunette Long Sleeve Outer in Marine,IDR 399.000,N/A,S
Solene Baby Tee in Marine,IDR 380.000,N/A,XS
Solene Baby Tee in Marine,IDR 380.000,N/A,XS
Raglan Jacket in Marine,IDR 649.000,N/A,XS
Raglan Jacket in Marine,IDR 649.000,N/A,XS
Urban Shorts in Marine,IDR 399.000,N/A,XS
Urban Shorts in Marine,IDR 399.000,N/A,XS
Elevated+ Jacket in Espresso,IDR 749.000,N/A,M
Elevated+ Jacket in Espresso,IDR 749.000,N/A,M
Achieve Running Short in Espresso,IDR 349.000,N/A,XS
Achieve Running Short in Espresso,IDR 349.000,N/A,XS
Eden Longsleeve Wrap Top in Sand,IDR 449.000,N/A,XS
Eden Longsleeve Wrap Top in Sand,IDR 449.000,N/A,XS
